firstName,lastName,email,companyName,address,city,country,state,zipcode,phoneNumber,cf1,cf2,cf3,cf4,cf5,cf6,cf7,cf8,cf9,cf10
James,Butt,jbutt0@email.com,"Benton, John B Jr",6649 N Blue Gum St,New Orleans,Orleans,LA,70116,504-845-1427,cf1_value,cf2_value,cf3_value,cf4_value,cf5_value,cf6_value,cf7_value,cf8_value,cf9_value,cf10_value
James,Butt,jbutt1@email.com,"Benton, John B Jr",6649 N Blue Gum St,New Orleans,Orleans,LA,70116,504-845-1427,cf1_value,cf2_value,cf3_value,cf4_value,cf5_value,cf6_value,cf7_value,cf8_value,cf9_value,cf10_value
James,Butt,jbutt2@email.com,"Benton, John B Jr",6649 N Blue Gum St,New Orleans,Orleans,LA,70116,504-845-1427,cf1_value,cf2_value,cf3_value,cf4_value,cf5_value,cf6_value,cf7_value,cf8_value,cf9_value,cf10_value
James,Butt,jbutt3@email.com,"Benton, John B Jr",6649 N Blue Gum St,New Orleans,Orleans,LA,70116,504-845-1427,cf1_value,cf2_value,cf3_value,cf4_value,cf5_value,cf6_value,cf7_value,cf8_value,cf9_value,cf10_value
James,Butt,jbutt4@email.com,"Benton, John B Jr",6649 N Blue Gum St,New Orleans,Orleans,LA,70116,504-845-1427,cf1_value,cf2_value,cf3_value,cf4_value,cf5_value,cf6_value,cf7_value,cf8_value,cf9_value,cf10_value
James,Butt,jbutt5@email.com,"Benton, John B Jr",6649 N Blue Gum St,New Orleans,Orleans,LA,70116,504-845-1427,cf1_value,cf2_value,cf3_value,cf4_value,cf5_value,cf6_value,cf7_value,cf8_value,cf9_value,cf10_value
James,Butt,jbutt6@email.com,"Benton, John B Jr",6649 N Blue Gum St,New Orleans,Orleans,LA,70116,504-845-1427,cf1_value,cf2_value,cf3_value,cf4_value,cf5_value,cf6_value,cf7_value,cf8_value,cf9_value,cf10_value
James,Butt,jbutt7@email.com,"Benton, John B Jr",6649 N Blue Gum St,New Orleans,Orleans,LA,70116,504-845-1427,cf1_value,cf2_value,cf3_value,cf4_value,cf5_value,cf6_value,cf7_value,cf8_value,cf9_value,cf10_value
James,Butt,jbutt8@email.com,"Benton, John B Jr",6649 N Blue Gum St,New Orleans,Orleans,LA,70116,504-845-1427,cf1_value,cf2_value,cf3_value,cf4_value,cf5_value,cf6_value,cf7_value,cf8_value,cf9_value,cf10_value
James,Butt,jbutt9@email.com,"Benton, John B Jr",6649 N Blue Gum St,New Orleans,Orleans,LA,70116,504-845-1427,cf1_value,cf2_value,cf3_value,cf4_value,cf5_value,cf6_value,cf7_value,cf8_value,cf9_value,cf10_value
