first_name,last_name,company_name,address,city,country,state,zipcode,phone_number,email
James,Butt,"Benton, John B Jr",6649 N Blue Gum St,New Orleans,Orleans,LA,70116,504-845-1427,jbutt@gmail.com
Josephine,Darakjy,"Chanay, Jeffrey A Esq",4 B Blue Ridge Blvd,Brighton,Livingston,MI,48116,810-374-9840,josephine_darakjy@darakjy.org
Art,Venere,"Chemel, James L Cpa",8 W Cerritos Ave #54,Bridgeport,Gloucester,NJ,8014,856-264-4130,art@venere.org
Lenna,Paprocki,Feltz Printing Service,639 Main St,Anchorage,Anchorage,AK,99501,907-921-2010,lpaprocki@hotmail.com
Donette,Foller,Printing Dimensions,34 Center St,Hamilton,Butler,OH,45011,513-549-4561,donette.foller@cox.net
Simona,Morasca,"Chapman, Ross E Esq",3 Mcauley Dr,Ashland,Ashland,OH,44805,419-800-6759,simona@morasca.com
Mitsue,Tollner,Morlong Associates,7 Eads St,Chicago,Cook,IL,60632,773-924-8565,mitsue_tollner@yahoo.com
Leota,Dilliard,Commercial Press,7 W Jackson Blvd,San Jose,Santa Clara,CA,95111,408-813-1105,leota@hotmail.com
Sage,Wieser,Truhlar And Truhlar Attys,5 Boston Ave #88,Sioux Falls,Minnehaha,SD,57105,605-794-4895,sage_wieser@cox.net
Kris,Marrier,"King, Christopher A Esq",228 Runamuck Pl #2808,Baltimore,Baltimore City,MD,21224,410-804-4694,kris@gmail.com
