firstName,lastName,email,companyName,address,city,country,state,zipcode,phoneNumber,cf1,cf2,cf3,cf4,cf5,cf6,cf7,cf8,cf9,cf10
James,Butt,jbutt0@email.com,"Benton, John B Jr",6649 N Blue Gum St,New Orleans,Orleans,LA,70116,504-845-1427,cf1_value,cf2_value,cf3_value,cf4_value,cf5_value,cf6_value,cf7_value,cf8_value,cf9_value,cf10_value
James,Butt,jbutt1@email.com,"Benton, John B Jr",6649 N Blue Gum St,New Orleans,Orleans,LA,70116,504-845-1427,cf1_value,cf2_value,cf3_value,cf4_value,cf5_value,cf6_value,cf7_value,cf8_value,cf9_value,cf10_value
James,Butt,jbutt2@email.com,"Benton, John B Jr",6649 N Blue Gum St,New Orleans,Orleans,LA,70116,504-845-1427,cf1_value,cf2_value,cf3_value,cf4_value,cf5_value,cf6_value,cf7_value,cf8_value,cf9_value,cf10_value
James,Butt,jbutt3@email.com,"Benton, John B Jr",6649 N Blue Gum St,New Orleans,Orleans,LA,70116,504-845-1427,cf1_value,cf2_value,cf3_value,cf4_value,cf5_value,cf6_value,cf7_value,cf8_value,cf9_value,cf10_value
James,Butt,jbutt4@email.com,"Benton, John B Jr",6649 N Blue Gum St,New Orleans,Orleans,LA,70116,504-845-1427,cf1_value,cf2_value,cf3_value,cf4_value,cf5_value,cf6_value,cf7_value,cf8_value,cf9_value,cf10_value
James,Butt,jbutt5@email.com,"Benton, John B Jr",6649 N Blue Gum St,New Orleans,Orleans,LA,70116,504-845-1427,cf1_value,cf2_value,cf3_value,cf4_value,cf5_value,cf6_value,cf7_value,cf8_value,cf9_value,cf10_value
James,Butt,jbutt6@email.com,"Benton, John B Jr",6649 N Blue Gum St,New Orleans,Orleans,LA,70116,504-845-1427,cf1_value,cf2_value,cf3_value,cf4_value,cf5_value,cf6_value,cf7_value,cf8_value,cf9_value,cf10_value
James,Butt,jbutt7@email.com,"Benton, John B Jr",6649 N Blue Gum St,New Orleans,Orleans,LA,70116,504-845-1427,cf1_value,cf2_value,cf3_value,cf4_value,cf5_value,cf6_value,cf7_value,cf8_value,cf9_value,cf10_value
James,Butt,jbutt8@email.com,"Benton, John B Jr",6649 N Blue Gum St,New Orleans,Orleans,LA,70116,504-845-1427,cf1_value,cf2_value,cf3_value,cf4_value,cf5_value,cf6_value,cf7_value,cf8_value,cf9_value,cf10_value
James,Butt,jbutt9@email.com,"Benton, John B Jr",6649 N Blue Gum St,New Orleans,Orleans,LA,70116,504-845-1427,cf1_value,cf2_value,cf3_value,cf4_value,cf5_value,cf6_value,cf7_value,cf8_value,cf9_value,cf10_value
James,Butt,jbutt10@email.com,"Benton, John B Jr",6649 N Blue Gum St,New Orleans,Orleans,LA,70116,504-845-1427,cf1_value,cf2_value,cf3_value,cf4_value,cf5_value,cf6_value,cf7_value,cf8_value,cf9_value,cf10_value
James,Butt,jbutt11@email.com,"Benton, John B Jr",6649 N Blue Gum St,New Orleans,Orleans,LA,70116,504-845-1427,cf1_value,cf2_value,cf3_value,cf4_value,cf5_value,cf6_value,cf7_value,cf8_value,cf9_value,cf10_value
James,Butt,jbutt12@email.com,"Benton, John B Jr",6649 N Blue Gum St,New Orleans,Orleans,LA,70116,504-845-1427,cf1_value,cf2_value,cf3_value,cf4_value,cf5_value,cf6_value,cf7_value,cf8_value,cf9_value,cf10_value
James,Butt,jbutt13@email.com,"Benton, John B Jr",6649 N Blue Gum St,New Orleans,Orleans,LA,70116,504-845-1427,cf1_value,cf2_value,cf3_value,cf4_value,cf5_value,cf6_value,cf7_value,cf8_value,cf9_value,cf10_value
James,Butt,jbutt14@email.com,"Benton, John B Jr",6649 N Blue Gum St,New Orleans,Orleans,LA,70116,504-845-1427,cf1_value,cf2_value,cf3_value,cf4_value,cf5_value,cf6_value,cf7_value,cf8_value,cf9_value,cf10_value
James,Butt,jbutt15@email.com,"Benton, John B Jr",6649 N Blue Gum St,New Orleans,Orleans,LA,70116,504-845-1427,cf1_value,cf2_value,cf3_value,cf4_value,cf5_value,cf6_value,cf7_value,cf8_value,cf9_value,cf10_value
James,Butt,jbutt16@email.com,"Benton, John B Jr",6649 N Blue Gum St,New Orleans,Orleans,LA,70116,504-845-1427,cf1_value,cf2_value,cf3_value,cf4_value,cf5_value,cf6_value,cf7_value,cf8_value,cf9_value,cf10_value
James,Butt,jbutt17@email.com,"Benton, John B Jr",6649 N Blue Gum St,New Orleans,Orleans,LA,70116,504-845-1427,cf1_value,cf2_value,cf3_value,cf4_value,cf5_value,cf6_value,cf7_value,cf8_value,cf9_value,cf10_value
James,Butt,jbutt18@email.com,"Benton, John B Jr",6649 N Blue Gum St,New Orleans,Orleans,LA,70116,504-845-1427,cf1_value,cf2_value,cf3_value,cf4_value,cf5_value,cf6_value,cf7_value,cf8_value,cf9_value,cf10_value
James,Butt,jbutt19@email.com,"Benton, John B Jr",6649 N Blue Gum St,New Orleans,Orleans,LA,70116,504-845-1427,cf1_value,cf2_value,cf3_value,cf4_value,cf5_value,cf6_value,cf7_value,cf8_value,cf9_value,cf10_value
James,Butt,jbutt20@email.com,"Benton, John B Jr",6649 N Blue Gum St,New Orleans,Orleans,LA,70116,504-845-1427,cf1_value,cf2_value,cf3_value,cf4_value,cf5_value,cf6_value,cf7_value,cf8_value,cf9_value,cf10_value
James,Butt,jbutt21@email.com,"Benton, John B Jr",6649 N Blue Gum St,New Orleans,Orleans,LA,70116,504-845-1427,cf1_value,cf2_value,cf3_value,cf4_value,cf5_value,cf6_value,cf7_value,cf8_value,cf9_value,cf10_value
James,Butt,jbutt22@email.com,"Benton, John B Jr",6649 N Blue Gum St,New Orleans,Orleans,LA,70116,504-845-1427,cf1_value,cf2_value,cf3_value,cf4_value,cf5_value,cf6_value,cf7_value,cf8_value,cf9_value,cf10_value
James,Butt,jbutt23@email.com,"Benton, John B Jr",6649 N Blue Gum St,New Orleans,Orleans,LA,70116,504-845-1427,cf1_value,cf2_value,cf3_value,cf4_value,cf5_value,cf6_value,cf7_value,cf8_value,cf9_value,cf10_value
James,Butt,jbutt24@email.com,"Benton, John B Jr",6649 N Blue Gum St,New Orleans,Orleans,LA,70116,504-845-1427,cf1_value,cf2_value,cf3_value,cf4_value,cf5_value,cf6_value,cf7_value,cf8_value,cf9_value,cf10_value
James,Butt,jbutt25@email.com,"Benton, John B Jr",6649 N Blue Gum St,New Orleans,Orleans,LA,70116,504-845-1427,cf1_value,cf2_value,cf3_value,cf4_value,cf5_value,cf6_value,cf7_value,cf8_value,cf9_value,cf10_value
James,Butt,jbutt26@email.com,"Benton, John B Jr",6649 N Blue Gum St,New Orleans,Orleans,LA,70116,504-845-1427,cf1_value,cf2_value,cf3_value,cf4_value,cf5_value,cf6_value,cf7_value,cf8_value,cf9_value,cf10_value
James,Butt,jbutt27@email.com,"Benton, John B Jr",6649 N Blue Gum St,New Orleans,Orleans,LA,70116,504-845-1427,cf1_value,cf2_value,cf3_value,cf4_value,cf5_value,cf6_value,cf7_value,cf8_value,cf9_value,cf10_value
James,Butt,jbutt28@email.com,"Benton, John B Jr",6649 N Blue Gum St,New Orleans,Orleans,LA,70116,504-845-1427,cf1_value,cf2_value,cf3_value,cf4_value,cf5_value,cf6_value,cf7_value,cf8_value,cf9_value,cf10_value
James,Butt,jbutt29@email.com,"Benton, John B Jr",6649 N Blue Gum St,New Orleans,Orleans,LA,70116,504-845-1427,cf1_value,cf2_value,cf3_value,cf4_value,cf5_value,cf6_value,cf7_value,cf8_value,cf9_value,cf10_value
